M,Iter 1 Time,Iter 2 Time,Iter 3 Time,Iter 4 Time,Iter 5 Time,Average Execution Time 
4,2.645720959,2.68238115,2.51397562,3.03076601,,2.718210935
8,8.519526958,6.80207682,5.47775912,3.87422585,,6.168397187
16,16.70587087,13.9683421,19.1304169,15.8627329,,16.41684069
32,42.51180792,46.7940259,71.3522971,42.1189599,,50.6942727
64,190.8854589,182.246325,150.926999,189.527976,,178.3966897